GR113-001	001
GR113-002	002
GR113-003	003
GR113-005	005
GR113-006	006
GR113-007	007
GR113-008	008
GR113-009	009
GR113-010	010
GR113-011	011
GR113-012	012
GR113-013	013
GR113-014	014
GR113-015	015
GR113-016	016
GR113-017	017
GR113-018	018
GR113-020	020
GR113-021	021
GR113-022	022
GR113-023	023
GR113-024	024
GR113-025	025
GR113-026	026
GR113-027	027
GR113-028	028
GR113-029	029
GR113-030	030
GR113-031	031
GR113-032	032
GR113-033	033
GR113-034	034
GR113-035	035
GR113-036	036
GR113-038	038
GR113-039	039
GR113-040	040
GR113-041	041
GR113-042	042
GR113-043	043
GR113-044	044
GR113-045	045
GR113-046	046
GR113-048	048
GR113-049	049
GR113-050	050
GR113-051	051
GR113-052	052
GR113-055	055
GR113-056	056
GR113-057	057
GR113-059	059
GR113-060	060
GR113-062	062
GR113-063	063
GR113-065	065
GR113-066	066
GR113-067	067
GR113-068	068
GR113-069	069
GR113-070	070
GR113-071	071
GR113-073	073
GR113-074	074
GR113-075	075
GR113-077	077
GR113-078	078
GR113-080	080
GR113-081	081
GR113-083	083
GR113-084	084
GR113-085	085
GR113-086	086
GR113-087	087
GR113-088	088
GR113-089	089
GR113-090	090
GR113-091	091
GR113-092	092
GR113-094	094
GR113-095	095
GR113-096	096
GR113-098	098
GR113-099	099
GR113-100	100
GR113-101	101
GR113-102	102
GR113-103	103
GR113-104	104
GR113-106	106
GR113-107	107
GR113-108	108
GR113-109	109
GR113-110	110
GR113-111	111
GR113-114	114
GR113-115	115
GR113-116	116
GR113-118	118
GR113-119	119
GR113-120	120
GR113-121	121
GR113-122	122
GR113-123	123
GR113-125	125
GR113-126	126
GR113-128	128
GR113-129	129
GR113-130	130
GR113-132	132
GR113-133	133
GR113-134	134
GR113-135	135
